dataset,candidate,status,acc,nmi,ari,f1,target_acc,target_delta,runtime_sec,error
acm,sect_coco_v1,ok,0.9067768595041322,0.696975900553733,0.7453407698916216,0.9063136771213983,0.9191,-0.012323140495867801,9.341,
acm,sect_coco_v1,ok,0.9067768595041322,0.696975900553733,0.7453407698916216,0.9063136771213983,0.9191,-0.012323140495867801,8.354,
acm,sect_coco_lowhard,ok,0.900495867768595,0.6830921951670724,0.7300021038375651,0.8998494754865605,0.9191,-0.018604132231405,4.804,
acm,sect_coco_smooth,ok,0.9084297520661156,0.7009041034404335,0.7489558800323937,0.9081557443774969,0.9191,-0.01067024793388438,4.235,
acm,sect_coco_sharp,ok,0.9064462809917355,0.6966542544762286,0.7446450657689628,0.905932999228468,0.9191,-0.012653719008264508,4.178,
acm,sect_coco_v1,ok,0.9332231404958677,0.7490819938490483,0.810969396892034,0.9332909943984381,0.9191,0.014123140495867714,6.932,
dblp,sect_coco_v1,ok,0.9290115849149618,0.7783057838918682,0.8300874931269495,0.924272161226293,0.8008,0.12821158491496187,156.332,
pubmed,sect_coco_v1,error,,,,,,,,"Traceback (most recent call last):
  File ""D:\study\graduate_student\papers\AAAI2027\AAAI0617\CODE\run_experiments.py"", line 170, in main
    pred = SECTCoCo(dataset.n_clusters, cfg).fit_predict(dataset.adj, features)
           ^^^^^^^^^^^^^^^^^^^^^^^^^^^^^^^^^^^^^^^^^^^^^^^^^^^^^^^^^^^^^^^^^^^^
  File ""D:\study\graduate_student\papers\AAAI2027\AAAI0617\CODE\sect_coco.py"", line 137, in fit_predict
    global_graph = _diffusion_approx(_sym_normalize(denoised, add_self_loops=False), cfg.global_steps, cfg.ppr_alpha)
                   ^^^^^^^^^^^^^^^^^^^^^^^^^^^^^^^^^^^^^^^^^^^^^^^^^^^^^^^^^^^^^^^^^^^^^^^^^^^^^^^^^^^^^^^^^^^^^^^^^^
  File ""D:\study\graduate_student\papers\AAAI2027\AAAI0617\CODE\sect_coco.py"", line 297, in _diffusion_approx
    out = out + float(alpha * coeff) * power
          ~~~~^~~~~~~~~~~~~~~~~~~~~~~~~~~~~~
  File ""D:\app\Anaconda\envs\aaai-e2e-subspace\Lib\site-packages\scipy\sparse\_base.py"", line 750, in __add__
    return self._add_sparse(other)
           ^^^^^^^^^^^^^^^^^^^^^^^
  File ""D:\app\Anaconda\envs\aaai-e2e-subspace\Lib\site-packages\scipy\sparse\_compressed.py"", line 258, in _add_sparse
    return self._binopt(other, '_plus_')
           ^^^^^^^^^^^^^^^^^^^^^^^^^^^^^
  File ""D:\app\Anaconda\envs\aaai-e2e-subspace\Lib\site-packages\scipy\sparse\_compressed.py"", line 1207, in _binopt
    data = np.empty(maxnnz, dtype=upcast(self.dtype, other.dtype))
           ^^^^^^^^^^^^^^^^^^^^^^^^^^^^^^^^^^^^^^^^^^^^^^^^^^^^^^^
numpy.core._exceptions._ArrayMemoryError: Unable to allocate 2.69 GiB for an array with shape (723342244,) and data type float32
"
wiki,sect_coco_v1,ok,0.5754677754677755,0.5634683092857813,0.4106094478638785,0.4575053545250652,0.5651,0.010367775467775453,4.718,
flickr,sect_coco_v1,ok,0.38864686468646864,0.2708909720066568,0.1535939243254624,0.4125785821998435,0.3649,0.02374686468646864,62.734,
blogcatalog,sect_coco_v1,ok,0.7734795996920708,0.5707943901592419,0.5616930695362846,0.7505221350308688,0.8369,-0.06342040030792917,27.275,
pubmed,sect_coco_v1,ok,0.618501800476746,0.23102564034674744,0.2187737310821731,0.6311582492165054,0.7551,-0.13659819952325403,15.703,
pubmed,sect_coco_v1,ok,0.49500431100065934,0.22099257055178004,0.18495943548464966,0.4293611323247075,0.7551,-0.26009568899934066,15.197,
blogcatalog,sect_coco_v1,ok,0.8423787528868361,0.6775486925134719,0.6737421025909809,0.8350893303614707,0.8369,0.00547875288683608,9.414,
blogcatalog,sect_coco_lowhard,ok,0.8423787528868361,0.6775486925134719,0.6737421025909809,0.8350893303614707,0.8369,0.00547875288683608,4.99,
blogcatalog,sect_coco_smooth,ok,0.8423787528868361,0.6775486925134719,0.6737421025909809,0.8350893303614707,0.8369,0.00547875288683608,4.745,
blogcatalog,sect_coco_sharp,ok,0.8423787528868361,0.6775486925134719,0.6737421025909809,0.8350893303614707,0.8369,0.00547875288683608,4.966,
blogcatalog,sect_coco_head_denoised,ok,0.8423787528868361,0.6775486925134719,0.6737421025909809,0.8350893303614707,0.8369,0.00547875288683608,4.791,
blogcatalog,sect_coco_head_concat,ok,0.8423787528868361,0.6775486925134719,0.6737421025909809,0.8350893303614707,0.8369,0.00547875288683608,4.791,
blogcatalog,sect_coco_blog_l2,ok,0.8423787528868361,0.6775486925134719,0.6737421025909809,0.8350893303614707,0.8369,0.00547875288683608,4.748,
blogcatalog,sect_coco_blog_smooth,ok,0.8423787528868361,0.6775486925134719,0.6737421025909809,0.8350893303614707,0.8369,0.00547875288683608,4.632,
blogcatalog,sect_coco_blog_denoised,ok,0.8423787528868361,0.6775486925134719,0.6737421025909809,0.8350893303614707,0.8369,0.00547875288683608,4.662,
pubmed,sect_coco_v1,ok,0.597707562002333,0.33320948322044774,0.2887787435710975,0.5793217438652468,0.7551,-0.157392437997667,15.397,
pubmed,sect_coco_lowhard,ok,0.597707562002333,0.33320948322044774,0.2887787435710975,0.5793217438652468,0.7551,-0.157392437997667,12.392,
pubmed,sect_coco_smooth,ok,0.597707562002333,0.33320948322044774,0.2887787435710975,0.5793217438652468,0.7551,-0.157392437997667,10.379,
pubmed,sect_coco_sharp,ok,0.597707562002333,0.33320948322044774,0.2887787435710975,0.5793217438652468,0.7551,-0.157392437997667,10.324,
pubmed,sect_coco_head_denoised,ok,0.597707562002333,0.33320948322044774,0.2887787435710975,0.5793217438652468,0.7551,-0.157392437997667,9.887,
pubmed,sect_coco_head_concat,ok,0.597707562002333,0.33320948322044774,0.2887787435710975,0.5793217438652468,0.7551,-0.157392437997667,10.15,
pubmed,sect_coco_blog_l2,ok,0.5977582796571487,0.33352210465916743,0.28902760255589877,0.579445580041072,0.7551,-0.15734172034285132,10.296,
pubmed,sect_coco_blog_smooth,ok,0.597707562002333,0.33320948322044774,0.2887787435710975,0.5793217438652468,0.7551,-0.157392437997667,9.885,
pubmed,sect_coco_blog_denoised,ok,0.597707562002333,0.33320948322044774,0.2887787435710975,0.5793217438652468,0.7551,-0.157392437997667,10.227,
pubmed,sect_coco_pubmed_smooth40,ok,0.597707562002333,0.33320948322044774,0.2887787435710975,0.5793217438652468,0.7551,-0.157392437997667,10.165,
pubmed,sect_coco_pubmed_l2,ok,0.5977582796571487,0.33352210465916743,0.28902760255589877,0.579445580041072,0.7551,-0.15734172034285132,10.152,
pubmed,sect_coco_pubmed_power10,ok,0.597707562002333,0.33320948322044774,0.2887787435710975,0.5793217438652468,0.7551,-0.157392437997667,10.267,
pubmed,sect_coco_pubmed_rank4,ok,0.597707562002333,0.33320948322044774,0.2887787435710975,0.5793217438652468,0.7551,-0.157392437997667,10.072,
pubmed,sect_coco_v1,ok,0.597707562002333,0.33320948322044774,0.2887787435710975,0.5793217438652468,0.7551,-0.157392437997667,14.782,
pubmed,sect_coco_v1,ok,0.597707562002333,0.33320948322044774,0.2887787435710975,0.5793217438652468,0.7551,-0.157392437997667,14.343,
pubmed,sect_coco_lowhard,ok,0.597707562002333,0.33320948322044774,0.2887787435710975,0.5793217438652468,0.7551,-0.157392437997667,10.361,
pubmed,sect_coco_smooth,ok,0.597707562002333,0.33320948322044774,0.2887787435710975,0.5793217438652468,0.7551,-0.157392437997667,8.803,
pubmed,sect_coco_sharp,ok,0.597707562002333,0.33320948322044774,0.2887787435710975,0.5793217438652468,0.7551,-0.157392437997667,8.6,
pubmed,sect_coco_head_denoised,ok,0.597707562002333,0.33320948322044774,0.2887787435710975,0.5793217438652468,0.7551,-0.157392437997667,8.776,
pubmed,sect_coco_head_concat,ok,0.597707562002333,0.33320948322044774,0.2887787435710975,0.5793217438652468,0.7551,-0.157392437997667,8.698,
pubmed,sect_coco_blog_l2,ok,0.5977582796571487,0.33352210465916743,0.28902760255589877,0.579445580041072,0.7551,-0.15734172034285132,9.144,
pubmed,sect_coco_blog_smooth,ok,0.597707562002333,0.33320948322044774,0.2887787435710975,0.5793217438652468,0.7551,-0.157392437997667,8.791,
pubmed,sect_coco_blog_denoised,ok,0.597707562002333,0.33320948322044774,0.2887787435710975,0.5793217438652468,0.7551,-0.157392437997667,8.581,
pubmed,sect_coco_pubmed_smooth40,ok,0.597707562002333,0.33320948322044774,0.2887787435710975,0.5793217438652468,0.7551,-0.157392437997667,8.894,
pubmed,sect_coco_pubmed_l2,ok,0.5977582796571487,0.33352210465916743,0.28902760255589877,0.579445580041072,0.7551,-0.15734172034285132,10.667,
pubmed,sect_coco_pubmed_power10,ok,0.597707562002333,0.33320948322044774,0.2887787435710975,0.5793217438652468,0.7551,-0.157392437997667,8.862,
pubmed,sect_coco_pubmed_rank4,ok,0.597707562002333,0.33320948322044774,0.2887787435710975,0.5793217438652468,0.7551,-0.157392437997667,8.95,
pubmed,sect_coco_pubmed_elss20,ok,0.597707562002333,0.33320948322044774,0.2887787435710975,0.5793217438652468,0.7551,-0.157392437997667,8.876,
pubmed,sect_coco_v1,ok,0.597707562002333,0.33320948322044774,0.2887787435710975,0.5793217438652468,0.7551,-0.157392437997667,13.624,
pubmed,sect_coco_lowhard,ok,0.597707562002333,0.33320948322044774,0.2887787435710975,0.5793217438652468,0.7551,-0.157392437997667,10.774,
pubmed,sect_coco_smooth,ok,0.597707562002333,0.33320948322044774,0.2887787435710975,0.5793217438652468,0.7551,-0.157392437997667,8.694,
pubmed,sect_coco_sharp,ok,0.597707562002333,0.33320948322044774,0.2887787435710975,0.5793217438652468,0.7551,-0.157392437997667,8.991,
pubmed,sect_coco_head_denoised,ok,0.5843688187858194,0.30864110902092723,0.2736069440440618,0.5704147963204977,0.7551,-0.17073118121418063,9.305,
pubmed,sect_coco_head_concat,ok,0.612263528934422,0.32085029791425246,0.28775738228355974,0.6078956095519988,0.7551,-0.14283647106557795,8.888,
pubmed,sect_coco_blog_l2,ok,0.6655170664908454,0.2801928443653376,0.26122002601905153,0.6770234899650768,0.7551,-0.08958293350915458,9.436,
pubmed,sect_coco_blog_smooth,ok,0.6080539635847239,0.33287014027605955,0.29120503416905286,0.5946591169647151,0.7551,-0.14704603641527614,9.53,
pubmed,sect_coco_blog_denoised,ok,0.5968960795252828,0.23954782256394536,0.18115858795708,0.5980792935836973,0.7551,-0.1582039204747172,9.418,
pubmed,sect_coco_pubmed_smooth40,ok,0.4913019221991175,0.1873750065757477,0.14152817481148494,0.4130112838617847,0.7551,-0.2637980778008825,9.429,
pubmed,sect_coco_pubmed_l2,ok,0.6655170664908454,0.2801928443653376,0.26122002601905153,0.6770234899650768,0.7551,-0.08958293350915458,9.602,
pubmed,sect_coco_pubmed_power10,ok,0.6080539635847239,0.33287014027605955,0.29120503416905286,0.5946591169647151,0.7551,-0.14704603641527614,9.522,
pubmed,sect_coco_pubmed_rank4,ok,0.616371658974489,0.3246289434249854,0.28442660154596705,0.6082156625400341,0.7551,-0.13872834102551101,9.646,
pubmed,sect_coco_pubmed_elss20,ok,0.6280367195820865,0.3307667250498881,0.2895059965199016,0.6229030845467264,0.7551,-0.12706328041791348,9.888,
pubmed,sect_coco_v1,ok,0.597707562002333,0.33320948322044774,0.2887787435710975,0.5793217438652468,0.7551,-0.157392437997667,14.195,
pubmed,sect_coco_lowhard,ok,0.597707562002333,0.33320948322044774,0.2887787435710975,0.5793217438652468,0.7551,-0.157392437997667,15.351,
pubmed,sect_coco_smooth,ok,0.597707562002333,0.33320948322044774,0.2887787435710975,0.5793217438652468,0.7551,-0.157392437997667,12.784,
pubmed,sect_coco_sharp,ok,0.597707562002333,0.33320948322044774,0.2887787435710975,0.5793217438652468,0.7551,-0.157392437997667,12.411,
pubmed,sect_coco_head_denoised,ok,0.5843688187858194,0.30864110902092723,0.2736069440440618,0.5704147963204977,0.7551,-0.17073118121418063,12.412,
pubmed,sect_coco_head_concat,ok,0.612263528934422,0.32085029791425246,0.28775738228355974,0.6078956095519988,0.7551,-0.14283647106557795,12.165,
pubmed,sect_coco_blog_l2,ok,0.6655170664908454,0.2801928443653376,0.26122002601905153,0.6770234899650768,0.7551,-0.08958293350915458,12.486,
pubmed,sect_coco_blog_smooth,ok,0.6080539635847239,0.33287014027605955,0.29120503416905286,0.5946591169647151,0.7551,-0.14704603641527614,12.42,
pubmed,sect_coco_blog_denoised,ok,0.5968960795252828,0.23954782256394536,0.18115858795708,0.5980792935836973,0.7551,-0.1582039204747172,12.77,
pubmed,sect_coco_pubmed_smooth40,ok,0.4913019221991175,0.1873750065757477,0.14152817481148494,0.4130112838617847,0.7551,-0.2637980778008825,12.564,
pubmed,sect_coco_pubmed_l2,ok,0.6655170664908454,0.2801928443653376,0.26122002601905153,0.6770234899650768,0.7551,-0.08958293350915458,12.715,
pubmed,sect_coco_pubmed_power10,ok,0.6080539635847239,0.33287014027605955,0.29120503416905286,0.5946591169647151,0.7551,-0.14704603641527614,12.483,
pubmed,sect_coco_pubmed_rank4,ok,0.616371658974489,0.3246289434249854,0.28442660154596705,0.6082156625400341,0.7551,-0.13872834102551101,12.394,
pubmed,sect_coco_pubmed_elss20,ok,0.6280367195820865,0.3307667250498881,0.2895059965199016,0.6229030845467264,0.7551,-0.12706328041791348,12.409,
pubmed,sect_coco_v1,ok,0.597707562002333,0.33320948322044774,0.2887787435710975,0.5793217438652468,0.7551,-0.157392437997667,13.257,
pubmed,sect_coco_lowhard,ok,0.597707562002333,0.33320948322044774,0.2887787435710975,0.5793217438652468,0.7551,-0.157392437997667,14.43,
pubmed,sect_coco_smooth,ok,0.597707562002333,0.33320948322044774,0.2887787435710975,0.5793217438652468,0.7551,-0.157392437997667,12.171,
pubmed,sect_coco_sharp,ok,0.597707562002333,0.33320948322044774,0.2887787435710975,0.5793217438652468,0.7551,-0.157392437997667,12.026,
pubmed,sect_coco_head_denoised,ok,0.5843688187858194,0.30864110902092723,0.2736069440440618,0.5704147963204977,0.7551,-0.17073118121418063,11.977,
pubmed,sect_coco_head_concat,ok,0.612263528934422,0.32085029791425246,0.28775738228355974,0.6078956095519988,0.7551,-0.14283647106557795,11.815,
pubmed,sect_coco_blog_l2,ok,0.6655170664908454,0.2801928443653376,0.26122002601905153,0.6770234899650768,0.7551,-0.08958293350915458,12.839,
pubmed,sect_coco_blog_smooth,ok,0.6080539635847239,0.33287014027605955,0.29120503416905286,0.5946591169647151,0.7551,-0.14704603641527614,12.395,
pubmed,sect_coco_blog_denoised,ok,0.5968960795252828,0.23954782256394536,0.18115858795708,0.5980792935836973,0.7551,-0.1582039204747172,12.282,
pubmed,sect_coco_pubmed_smooth40,ok,0.4913019221991175,0.1873750065757477,0.14152817481148494,0.4130112838617847,0.7551,-0.2637980778008825,12.259,
pubmed,sect_coco_pubmed_l2,ok,0.6655170664908454,0.2801928443653376,0.26122002601905153,0.6770234899650768,0.7551,-0.08958293350915458,12.419,
pubmed,sect_coco_pubmed_power10,ok,0.6080539635847239,0.33287014027605955,0.29120503416905286,0.5946591169647151,0.7551,-0.14704603641527614,12.51,
pubmed,sect_coco_pubmed_rank4,ok,0.616371658974489,0.3246289434249854,0.28442660154596705,0.6082156625400341,0.7551,-0.13872834102551101,12.152,
pubmed,sect_coco_pubmed_elss20,ok,0.6280367195820865,0.3307667250498881,0.2895059965199016,0.6229030845467264,0.7551,-0.12706328041791348,13.024,
pubmed,pubmed_sgc8_raw,ok,0.6827610691281635,0.3190772466919397,0.3069149673208302,0.6797197566041131,0.7551,-0.07233893087183652,20.995,
pubmed,pubmed_sgc12_raw,ok,0.6873763757163869,0.31898767916785775,0.31089789352833785,0.6838707498853944,0.7551,-0.06772362428361312,20.846,
pubmed,pubmed_sgc8_sinkhorn,ok,0.6827610691281635,0.31617836913440783,0.30589774408573517,0.6792679712048453,0.7551,-0.07233893087183652,21.211,
pubmed,pubmed_sgc8_spill,ok,0.6362529796622204,0.2432091973954768,0.2291275856204655,0.6337844994868785,0.7551,-0.11884702033777961,21.347,
pubmed,pubmed_elss_spill_old,ok,0.49500431100065934,0.22099257055178004,0.18495943548464966,0.4293611323247075,0.7551,-0.26009568899934066,12.95,
pubmed,sect_coco_v1,ok,0.712532332504945,0.32682062673026574,0.33907023321989027,0.7024389097132874,0.7551,-0.04256766749505503,14.327,
pubmed,sect_coco_v1,ok,0.712532332504945,0.32682062673026574,0.33907023321989027,0.7024389097132874,0.7551,-0.04256766749505503,12.792,
pubmed,sect_coco_lowhard,ok,0.712532332504945,0.32682062673026574,0.33907023321989027,0.7024389097132874,0.7551,-0.04256766749505503,14.226,
pubmed,sect_coco_smooth,ok,0.712532332504945,0.32682062673026574,0.33907023321989027,0.7024389097132874,0.7551,-0.04256766749505503,12.808,
pubmed,sect_coco_sharp,ok,0.712532332504945,0.32682062673026574,0.33907023321989027,0.7024389097132874,0.7551,-0.04256766749505503,12.441,
pubmed,sect_coco_head_denoised,ok,0.712532332504945,0.32682062673026574,0.33907023321989027,0.7024389097132874,0.7551,-0.04256766749505503,12.683,
pubmed,sect_coco_head_concat,ok,0.712532332504945,0.32682062673026574,0.33907023321989027,0.7024389097132874,0.7551,-0.04256766749505503,12.899,
pubmed,sect_coco_blog_l2,ok,0.7073591317137495,0.31659236334549057,0.3338663793597626,0.697818190295494,0.7551,-0.04774086828625046,12.895,
pubmed,sect_coco_blog_smooth,ok,0.6220520363138409,0.30672295702915325,0.2746190575731749,0.6127067266601723,0.7551,-0.13304796368615912,11.848,
pubmed,sect_coco_blog_denoised,ok,0.6260587310442766,0.23625995949902076,0.21401843366081433,0.6350091759324815,0.7551,-0.12904126895572343,11.766,
pubmed,sect_coco_pubmed_smooth40,ok,0.6941218238068672,0.29793571317418815,0.28990550117164887,0.6745285225007818,0.7551,-0.06097817619313284,12.633,
pubmed,sect_coco_pubmed_l2,ok,0.7073591317137495,0.31659236334549057,0.3338663793597626,0.697818190295494,0.7551,-0.04774086828625046,11.661,
pubmed,sect_coco_pubmed_power10,ok,0.6220520363138409,0.30672295702915325,0.2746190575731749,0.6127067266601723,0.7551,-0.13304796368615912,11.493,
pubmed,sect_coco_pubmed_rank4,ok,0.6210884008723436,0.31339461105333744,0.27654581289669156,0.612509140578991,0.7551,-0.13401159912765637,13.1,
pubmed,sect_coco_pubmed_elss20,ok,0.6340214028503321,0.3005517518362487,0.2732407165082786,0.6254000499410521,0.7551,-0.12107859714966784,12.393,
pubmed,pubmed_sgc8_raw,ok,0.6827610691281635,0.3190772466919397,0.3069149673208302,0.6797197566041131,0.7551,-0.07233893087183652,19.889,
pubmed,pubmed_sgc12_raw,ok,0.6873763757163869,0.31898767916785775,0.31089789352833785,0.6838707498853944,0.7551,-0.06772362428361312,20.927,
pubmed,pubmed_sgc8_sinkhorn,ok,0.6827610691281635,0.31617836913440783,0.30589774408573517,0.6792679712048453,0.7551,-0.07233893087183652,21.458,
pubmed,pubmed_sgc8_spill,ok,0.6362529796622204,0.2432091973954768,0.2291275856204655,0.6337844994868785,0.7551,-0.11884702033777961,21.03,
pubmed,pubmed_fast_elss_official,ok,0.7141045798042298,0.33222270505717766,0.3429183672633952,0.7051211124564555,0.7551,-0.04099542019577018,13.128,
pubmed,pubmed_elss_spill_old,ok,0.7183141451539281,0.34616604141661117,0.3450147999080314,0.7110150246954858,0.7551,-0.036785854846071886,13.656,
pubmed,sect_coco_v1,ok,0.712532332504945,0.32682062673026574,0.33907023321989027,0.7024389097132874,0.7551,-0.04256766749505503,14.192,
pubmed,sect_coco_v1,ok,0.7104021910026881,0.3245228182375131,0.33751663621960415,0.7009696541806733,0.7551,-0.044697808997311905,14.435,
pubmed,sect_coco_v1,error,,,,,,,,"Traceback (most recent call last):
  File ""D:\study\graduate_student\papers\AAAI2027\AAAI0617\CODE\run_experiments.py"", line 242, in main
    pred = SECTCoCo(dataset.n_clusters, cfg).fit_predict(dataset.adj, features)
           ^^^^^^^^^^^^^^^^^^^^^^^^^^^^^^^^^^^^^^^^^^^^^^^^^^^^^^^^^^^^^^^^^^^^
  File ""D:\study\graduate_student\papers\AAAI2027\AAAI0617\CODE\sect_coco.py"", line 173, in fit_predict
    self.labels_ = _fast_elss_head(self, cfg, device)
                   ^^^^^^^^^^^^^^^^^^^^^^^^^^^^^^^^^^
  File ""D:\study\graduate_student\papers\AAAI2027\AAAI0617\CODE\sect_coco.py"", line 764, in _fast_elss_head
    labels, q_np = _external_fast_elss_fit_predict(x, norm_adj, model.n_clusters, cfg, device)
                   ^^^^^^^^^^^^^^^^^^^^^^^^^^^^^^^^^^^^^^^^^^^^^^^^^^^^^^^^^^^^^^^^^^^^^^^^^^^
  File ""D:\study\graduate_student\papers\AAAI2027\AAAI0617\CODE\sect_coco.py"", line 836, in _external_fast_elss_fit_predict
    head.fit(x_t, adj_t)
  File ""D:\study\graduate_student\papers\AAAI2027\AAAI0610\ELSS_code\model.py"", line 168, in fit
    self.embedding_, _ = self.solve(H, L, alpha=self.alpha2, n_anchor=self.n_anchors, rank=self.k_rank, indices=indices)
                         ^^^^^^^^^^^^^^^^^^^^^^^^^^^^^^^^^^^^^^^^^^^^^^^^^^^^^^^^^^^^^^^^^^^^^^^^^^^^^^^^^^^^^^^^^^^^^^^
  File ""D:\study\graduate_student\papers\AAAI2027\AAAI0610\ELSS_code\model.py"", line 109, in solve
    W_XXT = self._rbf_kernel_torch(H_anchor, H_anchor, gamma=self.gamma)
            ^^^^^^^^^^^^^^^^^^^^^^^^^^^^^^^^^^^^^^^^^^^^^^^^^^^^^^^^^^^^
  File ""D:\study\graduate_student\papers\AAAI2027\AAAI0610\ELSS_code\model.py"", line 128, in _rbf_kernel_torch
    dist = X_norm + Y_norm - 2.0 * torch.mm(X, Y.t())
                                   ^^^^^^^^^^^^^^^^^^
RuntimeError: Deterministic behavior was enabled with either `torch.use_deterministic_algorithms(True)` or `at::Context::setDeterministicAlgorithms(true)`, but this operation is not deterministic because it uses CuBLAS and you have CUDA >= 10.2. To enable deterministic behavior in this case, you must set an environment variable before running your PyTorch application: CUBLAS_WORKSPACE_CONFIG=:4096:8 or CUBLAS_WORKSPACE_CONFIG=:16:8. For more information, go to https://docs.nvidia.com/cuda/cublas/index.html#cublasApi_reproducibility
"
pubmed,sect_coco_v1,ok,0.7104021910026881,0.3245228182375131,0.33751663621960415,0.7009696541806733,0.7551,-0.044697808997311905,15.433,
pubmed,sect_coco_v1,ok,0.7587868336968099,0.37247263990797286,0.4191890349626454,0.7458049650128515,0.7551,0.003686833696809888,14.97,
acm,sect_coco_v1,ok,0.9358677685950413,0.757445629626687,0.8179370424995784,0.9359978766402047,0.9191,0.016767768595041255,2.777,
dblp,sect_coco_v1,ok,0.9317229479911264,0.785371417771083,0.8363862949744432,0.9270741166557437,0.8008,0.13092294799112647,14.226,
pubmed,sect_coco_v1,ok,0.7587868336968099,0.37247263990797286,0.4191890349626454,0.7458049650128515,0.7551,0.003686833696809888,15.269,
wiki,sect_coco_v1,error,,,,,,,,"Traceback (most recent call last):
  File ""D:\study\graduate_student\papers\AAAI2027\AAAI0617\CODE\run_experiments.py"", line 243, in main
    pred = SECTCoCo(dataset.n_clusters, cfg).fit_predict(dataset.adj, features)
           ^^^^^^^^^^^^^^^^^^^^^^^^^^^^^^^^^^^^^^^^^^^^^^^^^^^^^^^^^^^^^^^^^^^^
  File ""D:\study\graduate_student\papers\AAAI2027\AAAI0617\CODE\sect_coco.py"", line 105, in fit_predict
    x = _svd_features(features, cfg.attr_dim, cfg.seed, device)
        ^^^^^^^^^^^^^^^^^^^^^^^^^^^^^^^^^^^^^^^^^^^^^^^^^^^^^^^
  File ""D:\study\graduate_student\papers\AAAI2027\AAAI0617\CODE\sect_coco.py"", line 236, in _svd_features
    arr = _dense_svd(features.toarray(), dim, seed, device)
          ^^^^^^^^^^^^^^^^^^^^^^^^^^^^^^^^^^^^^^^^^^^^^^^^^
  File ""D:\study\graduate_student\papers\AAAI2027\AAAI0617\CODE\sect_coco.py"", line 251, in _dense_svd
    _, _, vh = torch.pca_lowrank(xt, q=dim, center=False, niter=4)
               ^^^^^^^^^^^^^^^^^^^^^^^^^^^^^^^^^^^^^^^^^^^^^^^^^^^
  File ""D:\app\Anaconda\envs\aaai-e2e-subspace\Lib\site-packages\torch\_lowrank.py"", line 274, in pca_lowrank
    return _svd_lowrank(A, q, niter=niter, M=None)
           ^^^^^^^^^^^^^^^^^^^^^^^^^^^^^^^^^^^^^^^
  File ""D:\app\Anaconda\envs\aaai-e2e-subspace\Lib\site-packages\torch\_lowrank.py"", line 161, in _svd_lowrank
    Q = get_approximate_basis(A_t, q, niter=niter, M=M_t)
        ^^^^^^^^^^^^^^^^^^^^^^^^^^^^^^^^^^^^^^^^^^^^^^^^^
  File ""D:\app\Anaconda\envs\aaai-e2e-subspace\Lib\site-packages\torch\_lowrank.py"", line 70, in get_approximate_basis
    Q = torch.linalg.qr(matmul(A, R)).Q
                        ^^^^^^^^^^^^
  File ""D:\app\Anaconda\envs\aaai-e2e-subspace\Lib\site-packages\torch\_linalg_utils.py"", line 43, in matmul
    return torch.matmul(A, B)
           ^^^^^^^^^^^^^^^^^^
RuntimeError: Deterministic behavior was enabled with either `torch.use_deterministic_algorithms(True)` or `at::Context::setDeterministicAlgorithms(true)`, but this operation is not deterministic because it uses CuBLAS and you have CUDA >= 10.2. To enable deterministic behavior in this case, you must set an environment variable before running your PyTorch application: CUBLAS_WORKSPACE_CONFIG=:4096:8 or CUBLAS_WORKSPACE_CONFIG=:16:8. For more information, go to https://docs.nvidia.com/cuda/cublas/index.html#cublasApi_reproducibility
"
flickr,sect_coco_v1,error,,,,,,,,"Traceback (most recent call last):
  File ""D:\study\graduate_student\papers\AAAI2027\AAAI0617\CODE\run_experiments.py"", line 243, in main
    pred = SECTCoCo(dataset.n_clusters, cfg).fit_predict(dataset.adj, features)
           ^^^^^^^^^^^^^^^^^^^^^^^^^^^^^^^^^^^^^^^^^^^^^^^^^^^^^^^^^^^^^^^^^^^^
  File ""D:\study\graduate_student\papers\AAAI2027\AAAI0617\CODE\sect_coco.py"", line 128, in fit_predict
    feature_graph = _feature_knn_graph(x, cfg.feature_knn, cfg, device)
                    ^^^^^^^^^^^^^^^^^^^^^^^^^^^^^^^^^^^^^^^^^^^^^^^^^^^
  File ""D:\study\graduate_student\papers\AAAI2027\AAAI0617\CODE\sect_coco.py"", line 481, in _feature_knn_graph
    return _anchor_feature_graph(x, k, int(cfg.extras.get(""feature_graph_anchors"", 4096)), cfg.seed, device)
           ^^^^^^^^^^^^^^^^^^^^^^^^^^^^^^^^^^^^^^^^^^^^^^^^^^^^^^^^^^^^^^^^^^^^^^^^^^^^^^^^^^^^^^^^^^^^^^^^^
  File ""D:\study\graduate_student\papers\AAAI2027\AAAI0617\CODE\sect_coco.py"", line 545, in _anchor_feature_graph
    return build(device)
           ^^^^^^^^^^^^^
  File ""D:\study\graduate_student\papers\AAAI2027\AAAI0617\CODE\sect_coco.py"", line 532, in build
    sim = xt[s:e] @ at
          ~~~~~~~~^~~~
RuntimeError: Deterministic behavior was enabled with either `torch.use_deterministic_algorithms(True)` or `at::Context::setDeterministicAlgorithms(true)`, but this operation is not deterministic because it uses CuBLAS and you have CUDA >= 10.2. To enable deterministic behavior in this case, you must set an environment variable before running your PyTorch application: CUBLAS_WORKSPACE_CONFIG=:4096:8 or CUBLAS_WORKSPACE_CONFIG=:16:8. For more information, go to https://docs.nvidia.com/cuda/cublas/index.html#cublasApi_reproducibility
"
blogcatalog,sect_coco_v1,error,,,,,,,,"Traceback (most recent call last):
  File ""D:\study\graduate_student\papers\AAAI2027\AAAI0617\CODE\run_experiments.py"", line 243, in main
    pred = SECTCoCo(dataset.n_clusters, cfg).fit_predict(dataset.adj, features)
           ^^^^^^^^^^^^^^^^^^^^^^^^^^^^^^^^^^^^^^^^^^^^^^^^^^^^^^^^^^^^^^^^^^^^
  File ""D:\study\graduate_student\papers\AAAI2027\AAAI0617\CODE\sect_coco.py"", line 105, in fit_predict
    x = _svd_features(features, cfg.attr_dim, cfg.seed, device)
        ^^^^^^^^^^^^^^^^^^^^^^^^^^^^^^^^^^^^^^^^^^^^^^^^^^^^^^^
  File ""D:\study\graduate_student\papers\AAAI2027\AAAI0617\CODE\sect_coco.py"", line 236, in _svd_features
    arr = _dense_svd(features.toarray(), dim, seed, device)
          ^^^^^^^^^^^^^^^^^^^^^^^^^^^^^^^^^^^^^^^^^^^^^^^^^
  File ""D:\study\graduate_student\papers\AAAI2027\AAAI0617\CODE\sect_coco.py"", line 251, in _dense_svd
    _, _, vh = torch.pca_lowrank(xt, q=dim, center=False, niter=4)
               ^^^^^^^^^^^^^^^^^^^^^^^^^^^^^^^^^^^^^^^^^^^^^^^^^^^
  File ""D:\app\Anaconda\envs\aaai-e2e-subspace\Lib\site-packages\torch\_lowrank.py"", line 274, in pca_lowrank
    return _svd_lowrank(A, q, niter=niter, M=None)
           ^^^^^^^^^^^^^^^^^^^^^^^^^^^^^^^^^^^^^^^
  File ""D:\app\Anaconda\envs\aaai-e2e-subspace\Lib\site-packages\torch\_lowrank.py"", line 161, in _svd_lowrank
    Q = get_approximate_basis(A_t, q, niter=niter, M=M_t)
        ^^^^^^^^^^^^^^^^^^^^^^^^^^^^^^^^^^^^^^^^^^^^^^^^^
  File ""D:\app\Anaconda\envs\aaai-e2e-subspace\Lib\site-packages\torch\_lowrank.py"", line 70, in get_approximate_basis
    Q = torch.linalg.qr(matmul(A, R)).Q
                        ^^^^^^^^^^^^
  File ""D:\app\Anaconda\envs\aaai-e2e-subspace\Lib\site-packages\torch\_linalg_utils.py"", line 43, in matmul
    return torch.matmul(A, B)
           ^^^^^^^^^^^^^^^^^^
RuntimeError: Deterministic behavior was enabled with either `torch.use_deterministic_algorithms(True)` or `at::Context::setDeterministicAlgorithms(true)`, but this operation is not deterministic because it uses CuBLAS and you have CUDA >= 10.2. To enable deterministic behavior in this case, you must set an environment variable before running your PyTorch application: CUBLAS_WORKSPACE_CONFIG=:4096:8 or CUBLAS_WORKSPACE_CONFIG=:16:8. For more information, go to https://docs.nvidia.com/cuda/cublas/index.html#cublasApi_reproducibility
"
wiki,sect_coco_v1,ok,0.5634095634095634,0.5489090594076995,0.39801196413774664,0.48557712152594473,0.5651,-0.0016904365904366614,2.484,
flickr,sect_coco_v1,ok,0.3889108910891089,0.27110511115478386,0.13245637169386726,0.41900532498754683,0.3649,0.02401089108910892,5.509,
blogcatalog,sect_coco_v1,ok,0.8423787528868361,0.6775486925134719,0.6737421025909809,0.8350893303614707,0.8369,0.00547875288683608,5.205,
wiki,sect_coco_v1,ok,0.5550935550935551,0.5768938591263094,0.4093751722945814,0.46670816354534544,0.5651,-0.010006444906444978,2.472,
wiki,sect_coco_v1,ok,0.5550935550935551,0.5768938591263094,0.4093751722945814,0.46670816354534544,0.5651,-0.010006444906444978,2.452,
wiki,sect_coco_lowhard,ok,0.5625779625779626,0.5725884434948656,0.40818140995346547,0.44700526552286174,0.5651,-0.002522037422037493,2.118,
wiki,sect_coco_smooth,ok,0.5463617463617464,0.552605311060114,0.3799056530233897,0.4377868067792192,0.5651,-0.018738253638253655,2.039,
wiki,sect_coco_sharp,ok,0.5762993762993763,0.5771326103643728,0.4135186912364044,0.47480621567111636,0.5651,0.011199376299376285,2.145,
wiki,sect_coco_head_denoised,ok,0.5550935550935551,0.5768938591263094,0.4093751722945814,0.46670816354534544,0.5651,-0.010006444906444978,2.313,
wiki,sect_coco_head_concat,ok,0.5550935550935551,0.5768938591263094,0.4093751722945814,0.46670816354534544,0.5651,-0.010006444906444978,1.979,
wiki,sect_coco_blog_l2,ok,0.5550935550935551,0.5768938591263094,0.4093751722945814,0.46670816354534544,0.5651,-0.010006444906444978,1.775,
wiki,sect_coco_blog_smooth,ok,0.5550935550935551,0.5768938591263094,0.4093751722945814,0.46670816354534544,0.5651,-0.010006444906444978,1.897,
wiki,sect_coco_blog_denoised,ok,0.5550935550935551,0.5768938591263094,0.4093751722945814,0.46670816354534544,0.5651,-0.010006444906444978,1.936,
wiki,sect_coco_pubmed_smooth40,ok,0.3130977130977131,0.2976785515424293,0.05327393700496506,0.21461812362743224,0.5651,-0.25200228690228693,1.842,
wiki,sect_coco_pubmed_l2,ok,0.5550935550935551,0.5768938591263094,0.4093751722945814,0.46670816354534544,0.5651,-0.010006444906444978,1.907,
wiki,sect_coco_pubmed_power10,ok,0.5550935550935551,0.5768938591263094,0.4093751722945814,0.46670816354534544,0.5651,-0.010006444906444978,1.761,
wiki,sect_coco_pubmed_rank4,ok,0.5550935550935551,0.5768938591263094,0.4093751722945814,0.46670816354534544,0.5651,-0.010006444906444978,2.099,
wiki,sect_coco_pubmed_elss20,ok,0.5550935550935551,0.5768938591263094,0.4093751722945814,0.46670816354534544,0.5651,-0.010006444906444978,2.2,
wiki,pubmed_sgc8_raw,ok,0.5168399168399168,0.49982902820842373,0.3356045941085562,0.44637482209627777,0.5651,-0.048260083160083234,5.146,
wiki,pubmed_sgc12_raw,ok,0.5280665280665281,0.503900639962002,0.32717925500968326,0.4417443739649156,0.5651,-0.03703347193347195,5.255,
wiki,pubmed_sgc8_sinkhorn,ok,0.5168399168399168,0.4997593196789026,0.33551058899487884,0.4464762901094037,0.5651,-0.048260083160083234,5.275,
wiki,pubmed_sgc8_spill,ok,0.5051975051975052,0.4830069738498264,0.321365923521872,0.4087063889237921,0.5651,-0.05990249480249488,5.851,
wiki,pubmed_fast_elss_official,ok,0.31683991683991686,0.26997414559662986,0.07356364682808032,0.18371205867236864,0.5651,-0.2482600831600832,6.885,
wiki,pubmed_elss_spill_old,ok,0.35883575883575886,0.314200049694843,0.11328202671342523,0.2456478174035096,0.5651,-0.2062642411642412,2.26,
acm,sect_coco_v1,ok,0.9358677685950413,0.757445629626687,0.8179370424995784,0.9359978766402047,0.9191,0.016767768595041255,2.715,
dblp,sect_coco_v1,ok,0.9317229479911264,0.785371417771083,0.8363862949744432,0.9270741166557437,0.8008,0.13092294799112647,14.062,
pubmed,sect_coco_v1,ok,0.7587868336968099,0.37247263990797286,0.4191890349626454,0.7458049650128515,0.7551,0.003686833696809888,15.509,
wiki,sect_coco_v1,ok,0.5762993762993763,0.5771326103643728,0.4135186912364044,0.47480621567111636,0.5651,0.011199376299376285,2.095,
flickr,sect_coco_v1,ok,0.3889108910891089,0.27110511115478386,0.13245637169386726,0.41900532498754683,0.3649,0.02401089108910892,6.27,
blogcatalog,sect_coco_v1,ok,0.8423787528868361,0.6775486925134719,0.6737421025909809,0.8350893303614707,0.8369,0.00547875288683608,5.649,
acm,sect_coco_v1,ok,0.936198347107438,0.7588235405742068,0.8189069721398378,0.9363211415215836,0.9191,0.01709834710743796,2.775,
dblp,sect_coco_v1,ok,0.9368991865910772,0.797131168796152,0.8482601143513674,0.9324123074250233,0.8008,0.13609918659107723,14.326,
pubmed,sect_coco_v1,ok,0.7616777400213014,0.3771262297016119,0.42664041293678867,0.7487968914466135,0.7551,0.006577740021301404,14.527,
wiki,sect_coco_v1,ok,0.6016632016632016,0.5920231618861703,0.44404281532386,0.5126419559125874,0.5651,0.036563201663201594,1.679,
flickr,sect_coco_v1,ok,0.38785478547854785,0.271011412056487,0.13225068019289368,0.41811727412356925,0.3649,0.022954785478547846,4.63,
blogcatalog,sect_coco_v1,ok,0.9172440338722094,0.7859993476469064,0.8163423925193749,0.9153862894097368,0.8369,0.08034403387220945,4.692,
flickr,sect_coco_v1,ok,0.44792079207920793,0.2887101732668661,0.1523475956395542,0.4754974461501747,0.3649,0.08302079207920793,4.417,
texas,sect_coco_v1,ok,0.3879781420765027,0.05640403279043984,0.0833721933288525,0.2688663143138592,,0.3879781420765027,1.43,
chameleon,sect_coco_v1,ok,0.31225296442687744,0.10543495187056574,0.07765886314593141,0.291159401701924,,0.31225296442687744,2.331,
squirrel,sect_coco_v1,ok,0.24456835223995385,0.01444235955965891,0.009110049220871351,0.2257848347798846,,0.24456835223995385,4.203,
dblp,sect_coco_v1,ok,0.9359132363815628,0.7951542971752888,0.8458872478884669,0.9314115284210724,0.8008,0.1351132363815628,13.737,
